{"cameraMode":{"drawMode":0,"name":"Shaded","section":"Shading Mode"},"sceneLighting":true,"audioPlay":false,"sceneViewState":{"showFog":true,"showMaterialUpdate":false,"showSkybox":true,"showFlares":true,"showImageEffects":true,"showParticleSystems":true},"in2DMode":false,"pivot":{"x":2.928926467895508,"y":-18.68416976928711,"z":21.247940063476564},"rotation":{"x":-0.33268073201179507,"y":0.33746951818466189,"z":-0.12888091802597047,"w":-0.8711122274398804},"size":45.968719482421878,"orthographic":false}